time,open,high,low,close,volume,date,ma9,ma18,ma27,ma36,ma45,ema,cci,rsi,mfi,macd,macdsignal,macdhist,tenkansen,kijunsen,senkou_a,senkou_a_f,senkou_b,senkou_b_f,chikouspan
1662480000000.0,19818.37,19855.0,19761.23,19780.25,3435.67746,2022-09-06 16:00:00,,,,,,,,,,,,,,,,,,,18910.98
1662480900000.0,19781.09,19783.45,19677.31,19735.27,4879.62701,2022-09-06 16:15:00,,,,,,,,,,,,,,,,,,,18909.14
1662481800000.0,19735.27,19778.0,19718.42,19773.64,3138.54221,2022-09-06 16:30:00,,,,,,,,,,,,,,,,,,,18870.07
1662482700000.0,19774.41,19794.52,19745.52,19747.25,2586.40374,2022-09-06 16:45:00,,,,,,,,,,,,,,,,,,,18884.23
1662483600000.0,19747.25,19756.33,19105.0,19175.76,13791.32545,2022-09-06 17:00:00,,,,,,,,,,,,,,,,,,,18857.0
1662484500000.0,19175.82,19273.46,19010.0,19073.0,9376.95791,2022-09-06 17:15:00,,,,,,,,,,,,,,,,,,,18790.61
1662485400000.0,19073.0,19189.71,19038.82,19113.98,5574.55186,2022-09-06 17:30:00,,,,,,,,,,,,,,,,,,,18844.57
1662486300000.0,19115.34,19130.59,18900.0,19102.32,7875.84329,2022-09-06 17:45:00,,,,,,,,,,,,,,,,,,,18744.27
1662487200000.0,19102.3,19135.48,19045.0,19098.47,4435.57192,2022-09-06 18:00:00,19399.993333333332,,,,,,,,,,,,19377.5,,,,,,18745.34
1662488100000.0,19098.47,19125.94,18980.0,19005.07,4808.078,2022-09-06 18:15:00,19313.862222222222,,,,,,,,,,,,19347.260000000002,,,,,,18833.11
1662489000000.0,19003.89,19065.89,18945.05,18986.94,5092.72371,2022-09-06 18:30:00,19230.714444444442,,,,,,,,,,,,19347.260000000002,,,,,,18840.86
1662489900000.0,18988.15,19003.86,18950.0,18958.66,4280.62512,2022-09-06 18:45:00,19140.16111111111,,,,,,,,,,,,19347.260000000002,,,,,,18829.54
1662490800000.0,18958.66,19019.61,18915.53,18968.72,4486.30582,2022-09-06 19:00:00,19053.65777777778,,,,,,,,,,,,19328.165,,,,,,18788.37
1662491700000.0,18968.72,19011.67,18913.27,18917.25,4165.35835,2022-09-06 19:15:00,19024.934444444443,,,,,,,,,,,,19086.73,,,,,,18787.65
1662492600000.0,18915.85,18919.63,18733.97,18856.45,6079.57651,2022-09-06 19:30:00,19000.873333333337,,,,,,,8.108867969019238,12.805247814995827,,,,18961.84,,,,,,18744.67
1662493500000.0,18857.92,18887.0,18813.0,18824.41,3840.05709,2022-09-06 19:45:00,18968.698888888888,,,,,,,7.862814575494724,17.764220270532235,,,,18934.725,,,,,,18638.36
1662494400000.0,18823.48,18908.83,18649.51,18784.03,6814.99633,2022-09-06 20:00:00,18933.333333333332,,,,,,,7.551801817335445,13.117848522266645,,,,18892.495,,,,,,18666.25
1662495300000.0,18782.58,18883.47,18770.9,18855.9,3347.08855,2022-09-06 20:15:00,18906.38111111111,19153.187222222223,,,,,,14.066979461523102,13.766429361727797,,,,18887.725,,,,,,18611.13
1662496200000.0,18854.18,18957.14,18838.21,18948.12,3290.67137,2022-09-06 20:30:00,18900.053333333333,19106.957777777778,,,,,,21.69288131237645,20.250707063656073,,,,18857.699999999997,,,,,,18653.39
1662497100000.0,18948.12,19011.22,18918.0,18982.41,4302.39574,2022-09-06 20:45:00,18899.550000000003,19065.13222222222,,,,,-43.039717041127766,24.3800478499326,28.071283897021782,,,,18834.559999999998,,,,,,18702.27
1662498000000.0,18983.59,19040.6,18958.57,18987.17,2835.65092,2022-09-06 21:00:00,18902.717777777772,19021.439444444444,,,,,-32.530196196723836,24.765998388585952,33.590916728806924,,,,18845.055,,,,,,18703.05
1662498900000.0,18987.17,19002.24,18963.11,18987.77,1067.03243,2022-09-06 21:15:00,18904.83444444444,18979.24611111111,,,,,-30.275720660480328,24.818086379899114,37.50247470624505,,,,18845.055,,,,,,18745.85
1662499800000.0,18986.81,19120.0,18968.5,18974.85,1523.69292,2022-09-06 21:30:00,18911.234444444446,18968.08444444444,,,,,-4.072318300286823,24.425920030544596,34.2130587934128,,,,18884.754999999997,,,,,,18702.49
1662500700000.0,18974.85,19004.88,18922.3,18978.6,1528.87057,2022-09-06 21:45:00,18924.806666666667,18962.84,,,,,-16.08414889422328,24.79735993440005,36.36132710163593,,,,18884.754999999997,,,,,,18697.76
1662501600000.0,18978.6,19000.0,18942.85,18961.17,2288.60843,2022-09-06 22:00:00,18940.002222222218,18954.350555555557,,,,,-2.521674510777207,24.20194896302798,38.41944286713359,,,,18884.754999999997,,,,,,18725.27
1662502500000.0,18962.29,18962.29,18926.5,18933.11,1973.74074,2022-09-06 22:15:00,18956.566666666666,18944.949999999997,,,,,-22.116727347564648,23.234731758507383,40.29290844709584,,,,18945.45,19252.254999999997,,19098.8525,,,18721.62
1662503400000.0,18933.11,18940.0,18880.62,18910.98,2323.85309,2022-09-06 22:30:00,18962.68666666667,18934.533888888887,19089.687037037034,,,,-45.25359097858438,22.47196263126605,42.226448647523085,,,,18979.105,19222.015,,19100.559999999998,,,18754.62
1662504300000.0,18911.89,18941.22,18898.37,18909.14,1882.97442,2022-09-06 22:45:00,18958.355555555558,18929.204444444444,19057.423703703702,,,,-32.95721861929429,22.40609943612056,48.84672436005888,,,,19000.309999999998,19222.015,,19111.1625,,,18769.19
1662505200000.0,18908.09,18920.0,18845.74,18870.07,2512.18578,2022-09-06 23:00:00,18945.873333333333,18922.711666666666,19025.379259259258,,,,-66.45368008930448,20.998739180478196,53.23311061968653,,,,18982.870000000003,19222.015,,19102.4425,,,18780.11
1662506100000.0,18871.0,18901.31,18833.86,18884.23,1818.91639,2022-09-06 23:15:00,18934.435555555552,18918.576666666664,18992.43814814815,,,,-64.65606174717237,22.889162087067618,45.884377167232,,,,18976.93,19202.92,,19089.925,,,18759.07
1662507000000.0,18882.62,18900.93,18826.0,18857.0,2200.64581,2022-09-06 23:30:00,18919.905555555553,18912.370000000003,18959.465925925924,,,,-71.20332732145378,21.808429109264825,52.257730637476726,,,,18973.0,18961.485,,18967.2425,,,18799.55
1662507900000.0,18856.11,18866.3,18782.13,18790.61,3317.0713,2022-09-06 23:45:00,18899.434444444443,18905.33444444444,18945.20111111111,,,,-115.03966261359017,19.402977620951038,42.17529487999484,,,,18893.505,18919.61,,18906.557500000003,,,18782.41
1662508800000.0,18790.61,18873.17,18733.0,18844.57,4303.41973,2022-09-07 00:00:00,18884.542222222222,18904.674444444445,18936.740740740737,,,,-97.26503595887242,26.49906624720314,43.866171461602455,,,,18866.5,18892.495,,18879.497499999998,,,18798.48
1662509700000.0,18845.69,18862.51,18656.19,18744.27,5559.75415,2022-09-07 00:15:00,18860.44222222222,18900.222222222223,18923.047777777778,,,,-143.74432979092194,22.52855021910106,30.06482427776,-123.34798372081787,-140.81395201284855,17.46596829203068,18809.239999999998,18892.495,,18850.8675,,,18792.95
1662510600000.0,18744.27,18808.62,18734.29,18745.34,2996.45944,2022-09-07 00:30:00,18839.57888888889,18898.07277777778,18909.826296296298,,,,-124.20124409863338,22.661681048775108,30.312465103861037,-123.0840143019741,-137.26796447067366,14.183950168699567,18798.705,18887.725,,18843.215,,,18775.16
1662511500000.0,18743.82,18851.52,18743.14,18833.11,2996.59152,2022-09-07 00:45:00,18830.92666666667,18896.806666666664,18899.998148148148,19024.996944444443,,,-75.62600123374432,32.854633696883106,36.78386184590456,-114.47293838348196,-132.70895925323532,18.23602086975336,18798.705,18884.754999999997,,18841.73,,,18757.28
1662512400000.0,18833.11,18848.28,18802.19,18840.86,2308.21059,2022-09-07 01:00:00,18823.34,18890.847777777777,18893.916296296295,18998.902777777774,,,-59.97476457747914,33.68573228503375,38.06193859955722,-105.80360040308733,-127.32788748320573,21.5242870801184,18788.095,18884.754999999997,,18836.425,,,18791.03
1662513300000.0,18840.86,18854.22,18795.73,18829.54,2410.10399,2022-09-07 01:15:00,18818.836666666666,18882.354999999996,18888.086666666662,18973.74361111111,,,-62.88066366673327,33.04239688677938,37.21138133238878,-98.70866494376605,-121.6040429753178,22.895378031551743,18778.75,18884.754999999997,,18831.7525,,,18800.43
1662514200000.0,18830.58,18861.22,18775.26,18788.37,3316.08614,2022-09-07 01:30:00,18808.185555555552,18871.310555555552,18881.77962962963,18946.374999999996,,,-72.9172937478415,30.74278873460366,36.27277087177488,-95.30928627970206,-116.34509163619465,21.035805356492588,18778.559999999998,18884.754999999997,,18831.657499999998,,,18806.34
1662515100000.0,18789.68,18835.51,18764.15,18787.65,2693.21855,2022-09-07 01:45:00,18800.48,18860.19277777778,18875.073333333334,18919.719444444447,,,-77.94935512725569,30.702545489620036,35.645034425351795,-91.61724560238872,-111.39952242943346,19.78227682704474,18764.68,18884.754999999997,,18824.7175,,,18791.19
1662516000000.0,18787.65,18828.53,18709.26,18744.67,3833.86512,2022-09-07 02:00:00,18795.375555555554,18847.405000000002,18868.68148148148,18907.744722222225,,,-102.77823323483645,28.319390782274134,34.38709141473026,-91.10915395375196,-107.34144873429716,16.232294780545203,18764.68,18884.754999999997,,18824.7175,,,18796.02
1662516900000.0,18745.94,18765.17,18510.77,18638.36,5412.10435,2022-09-07 02:15:00,18772.463333333333,18828.502777777776,18860.604074074075,18895.67138888889,,,-197.1794330912773,23.467258795286703,27.621502260171322,-98.15336529509295,-105.50383204645632,7.350466751363371,18686.64,18815.385000000002,,18751.0125,,,18804.98
1662517800000.0,18639.77,18702.06,18615.55,18666.25,3345.00697,2022-09-07 02:30:00,18763.794444444447,18812.118333333332,18854.746296296296,18883.234444444446,,,-165.14380312435773,27.000921997117842,34.2964211851763,-100.32893412041813,-104.46885246124869,4.139918340830562,18685.995000000003,18815.385000000002,,18750.690000000002,,,18770.7
1662518700000.0,18666.25,18689.57,18609.71,18611.13,2776.01253,2022-09-07 02:45:00,18748.882222222222,18794.230555555558,18848.34259259259,18869.59027777778,,,-170.13441139035126,24.5849464734181,33.62602184248315,-105.2871269707939,-104.63250736315773,-0.6546196076361781,18685.995000000003,18815.385000000002,,18750.690000000002,,,18777.15
1662519600000.0,18610.75,18669.53,18609.11,18653.39,2768.39966,2022-09-07 03:00:00,18728.913333333338,18779.920000000002,18840.84222222222,18857.226944444446,18965.780222222224,18965.780222222216,-141.2791397714396,29.773206593265805,38.97951771068833,-104.60072960888647,-104.62615181230348,0.025422203417008404,18685.995000000003,18815.385000000002,,18750.690000000002,,,18788.17
1662520500000.0,18654.25,18708.7,18608.16,18702.27,3198.6507,2022-09-07 03:15:00,18713.514444444445,18768.427222222224,18831.736666666668,18848.815833333338,18941.82511111111,18954.323256038642,-99.92386821786724,35.31621469153156,45.74724308260113,-98.97166353207649,-103.49525415625808,4.523590624181594,18685.995000000003,18815.385000000002,,18750.690000000002,,,18788.19
1662521400000.0,18702.27,18734.17,18681.22,18703.05,2683.53464,2022-09-07 03:30:00,18699.460000000003,18759.148333333334,18821.39,18840.930000000008,18918.88688888889,18943.39833186305,-61.97665949886965,35.40383353335573,43.82167432049187,-93.37132214959274,-101.47046775492501,8.099145605332268,18685.995000000003,18815.385000000002,,18750.690000000002,,,18755.0
1662522300000.0,18702.44,18749.33,18687.51,18745.85,2611.01614,2022-09-07 03:45:00,18694.735555555555,18751.460555555554,18812.452222222222,18835.018611111114,18896.04711111111,18934.80927395596,-35.934733041124794,40.191244360625696,52.833963742320435,-84.50528463170122,-98.07743113028025,13.57214649857903,18673.14,18815.385000000002,,18744.2625,,,18765.66
1662523200000.0,18745.01,18745.87,18692.0,18702.49,2263.65614,2022-09-07 04:00:00,18685.27333333333,18742.876666666663,18801.886296296296,18827.623333333337,18872.830222222223,18924.708435957877,-43.536822525312594,37.18456673316136,46.705940065277154,-80.05485313327517,-94.47291553087923,14.41806239760406,18669.65,18757.825,,18713.737500000003,,,18750.46
1662524100000.0,18703.25,18732.34,18671.22,18697.76,2468.31445,2022-09-07 04:15:00,18680.061111111114,18737.718333333334,18791.623703703703,18821.52638888889,18862.208,18914.841112655362,-49.89520200532609,36.86061926413362,40.155934195009095,-76.03306374694876,-90.78494517409314,14.751881427144383,18637.97,18755.385000000002,,18696.6775,,,18748.71
1662525000000.0,18697.76,18736.49,18678.18,18725.27,2309.47116,2022-09-07 04:30:00,18689.717777777776,18731.09055555556,18782.24111111111,18817.8825,18854.480666666666,18906.598890366,-30.126231600569252,40.12764345865929,40.13718137106347,-69.8210855810612,-86.59217325548676,16.77108767442556,18678.745000000003,18736.53,,18707.6375,,,18722.7
1662525900000.0,18724.58,18760.6,18712.26,18721.62,2557.47625,2022-09-07 04:45:00,18695.87,18729.832222222223,18773.36888888889,18815.027222222227,18845.761555555557,18898.556329915304,-4.942395607863867,39.83314462225187,46.07231541238946,-64.44963732480755,-82.16366606935091,17.714028744543356,18684.379999999997,18725.995000000003,19098.8525,18705.1875,,19182.885000000002,18758.21
1662526800000.0,18720.89,18773.26,18707.23,18754.62,2780.66461,2022-09-07 05:00:00,18711.813333333335,18730.347777777777,18766.75814814815,18814.21027777778,18838.03488888889,18892.29822861464,17.26302884092185,43.845766092803856,53.36208350943055,-56.87429025994061,-77.10579090746884,20.231500647528236,18690.71,18725.995000000003,19100.559999999998,18708.3525,,19152.645,18748.33
1662527700000.0,18754.08,18789.55,18742.04,18769.19,2402.06617,2022-09-07 05:15:00,18724.68,18726.796666666665,18761.506666666668,18811.801666666666,18830.717555555555,18886.94569693574,44.67728562011265,45.571706869017305,59.56642943618823,-49.1287700209723,-71.51038673016953,22.381616709197232,18698.855,18715.385000000002,19111.1625,18707.120000000003,,19152.645,18739.59
1662528600000.0,18769.19,18781.22,18756.55,18780.11,1613.81038,2022-09-07 05:30:00,18733.328888888886,18723.42166666667,18756.727777777778,18807.134722222218,18825.718444444443,18882.300666634186,50.908276696730944,46.889275890433275,67.08660710759679,-41.6293593491755,-65.53418125397073,23.904821904795227,18730.385000000002,18706.04,19102.4425,18718.2125,,19152.645,18709.56
1662529500000.0,18779.71,18799.68,18745.18,18759.07,2171.23469,2022-09-07 05:45:00,18739.553333333333,18719.506666666668,18752.616666666665,18800.930833333332,18820.654666666665,18876.942811563134,49.71194632857003,44.64670660857091,73.0842718074746,-36.95774860233723,-59.81889472364403,22.861146121306795,18735.45,18705.85,19089.925,18720.65,,19133.550000000003,18716.14
1662530400000.0,18759.31,18804.54,18726.48,18799.55,2408.58751,2022-09-07 06:00:00,18745.52,18720.127777777776,18749.48037037037,18795.719166666662,18817.11888888889,18873.577906712562,68.98049777688401,49.63739004771857,72.37793828740188,-29.647309998945275,-53.784577778704275,24.137267779759,18737.88,18691.97,18967.2425,18714.925000000003,,18892.114999999998,18739.0
1662531300000.0,18799.55,18800.7,18764.93,18782.41,2003.86017,2022-09-07 06:15:00,18754.4,18719.836666666662,18746.717777777776,18790.014722222222,18812.978666666666,18869.61408468158,84.03947061902707,47.677268855117106,79.83930538651116,-24.94919075128564,-48.01750037322055,23.068309621934908,18737.88,18691.97,18906.557500000003,18714.925000000003,,18850.239999999998,18779.9
1662532200000.0,18781.63,18804.22,18766.83,18798.48,1871.45983,2022-09-07 06:30:00,18765.591111111113,18722.826111111106,18747.009259259255,18785.115555555552,18810.339333333333,18866.521298391075,97.86580753366248,49.683469723891356,79.30847020401414,-19.702069508803106,-42.35441420033706,22.652344691533955,18741.36,18686.64,18879.497499999998,18714.0,,18823.125,18821.98
1662533100000.0,18798.48,18843.68,18788.37,18792.95,2786.54536,2022-09-07 06:45:00,18773.11111111111,18731.414444444443,18745.097407407404,18779.958611111113,18808.92822222222,18863.322546287116,123.32785429904906,48.98738484063717,79.06321607992972,-15.807691674846865,-37.04506969523902,21.237378020392157,18775.455,18685.995000000003,18850.8675,18730.725000000002,,18823.125,18839.34
1662534000000.0,18793.8,18808.63,18759.0,18775.16,2286.90591,2022-09-07 07:00:00,18779.06,18737.465,18746.241481481484,18774.791666666668,18807.833777777778,18859.48939210072,79.2495298755693,46.71968439712733,71.77553126369779,-13.995541614913236,-32.435164079173866,18.43962246426063,18775.455,18685.995000000003,18843.215,18730.725000000002,,18818.355,18887.55
1662534900000.0,18774.55,18784.44,18722.98,18757.28,2738.75548,2022-09-07 07:15:00,18779.355555555554,18745.584444444437,18746.683703703704,18769.9075,18807.239333333335,18855.045505487647,35.32551301773652,44.49050502914523,63.50503101463102,-13.842597361519438,-28.71665073564298,14.874053374123541,18783.33,18685.995000000003,18841.73,18734.662500000002,,18815.385000000002,18840.36
1662535800000.0,18758.13,18794.96,18742.95,18791.03,2078.22269,2022-09-07 07:30:00,18781.782222222224,18753.231111111112,18745.125185185185,18766.57555555556,18805.797777777778,18852.26222264036,63.18765222756473,49.39845201927028,70.25732962706911,-10.87271115317344,-25.147862819149072,14.275151665975631,18783.33,18685.995000000003,18836.425,18734.662500000002,,18815.385000000002,18846.13
1662536700000.0,18791.03,18823.97,18776.18,18800.43,3116.99198,2022-09-07 07:45:00,18784.039999999997,18758.684444444443,18743.62777777778,18763.555833333336,18802.51577777778,18850.00864774295,97.89722642387328,50.705729531994436,78.2765149498295,-7.672114139189944,-21.652713083157245,13.980598943967301,18783.33,18685.995000000003,18831.7525,18734.662500000002,,18815.385000000002,18914.59
1662537600000.0,18799.61,18859.98,18790.0,18806.34,3181.83487,2022-09-07 08:00:00,18789.29222222222,18764.42277777778,18742.76851851852,18761.785555555558,18798.603111111115,18848.11001088456,127.10784213041936,51.55317856233573,78.84342832047405,-4.605639394452737,-18.243298345416342,13.637658950963605,18791.48,18685.375,18831.657499999998,18738.427499999998,,18815.385000000002,18913.09
1662538500000.0,18806.34,18813.88,18768.0,18791.19,2375.55596,2022-09-07 08:15:00,18788.363333333335,18766.94166666667,18742.872962962963,18759.20111111111,18794.248,18845.635227802624,66.72020921171013,49.21732822600123,71.70640206454287,-3.3591917808334983,-15.266477032499774,11.907285251666275,18791.48,18685.375,18824.7175,18738.427499999998,,18815.385000000002,18905.71
1662539400000.0,18790.5,18802.0,18774.04,18796.02,1714.1175,2022-09-07 08:30:00,18789.875555555554,18772.13777777778,18743.182962962965,18757.507222222222,18789.98688888889,18843.47804398512,61.792518421556636,49.99522192059603,65.55518738069904,-1.959049727080128,-12.604991571415844,10.645941844335717,18791.48,18685.375,18824.7175,18738.427499999998,,18815.385000000002,18925.03
1662540300000.0,18796.02,18818.95,18794.24,18804.98,1932.6521,2022-09-07 08:45:00,18790.59777777778,18778.094444444447,18745.416666666668,18757.906388888885,18786.212,18841.80421598577,93.4338929606535,51.480031555609195,65.05916261555818,-0.12498914676325512,-10.108991086485327,9.984001939722072,18791.48,18734.07,18751.0125,18762.775,,18815.385000000002,18869.94
1662541200000.0,18804.99,18823.67,18764.04,18770.7,2644.51367,2022-09-07 09:00:00,18788.125555555554,18780.618333333332,18750.318148148148,18755.85444444444,18781.591999999997,18838.712728334212,37.75238490172501,45.8683861588826,58.203663855985454,-1.42120961350156,-8.371434791888573,6.950225178387013,18791.48,18734.07,18750.690000000002,18762.775,,18815.385000000002,18856.88
1662542100000.0,18770.7,18793.18,18768.82,18777.15,1682.27389,2022-09-07 09:15:00,18788.346666666665,18783.703333333335,18754.425555555557,18756.76777777778,18777.502666666664,18836.036087971854,9.693187357667274,47.038202586807536,59.0678712626304,-1.9060409237572458,-7.0783560182623075,5.172315094505062,18791.48,18734.07,18750.690000000002,18762.775,,18815.385000000002,18871.35
1662543000000.0,18776.96,18794.2,18768.0,18788.17,1534.27638,2022-09-07 09:30:00,18791.77888888889,18785.567222222224,18760.982592592594,18757.9575,18774.281777777775,18833.954953712207,12.92259401128374,49.063560980705454,57.949187952672965,-1.3850849312366336,-5.939701800857173,4.554616869620539,18801.465,18734.07,18750.690000000002,18767.7675,,18815.385000000002,18891.58
1662543900000.0,18787.35,18803.3,18777.66,18788.19,1482.0168,2022-09-07 09:45:00,18791.463333333333,18786.622777777775,18765.975185185187,18756.709722222222,18771.55311111111,18831.965173116023,32.314253877558365,49.06736785357369,57.25196208034603,-0.9595486415855703,-4.943671169002853,3.9841225274172825,18812.010000000002,18765.6,18750.690000000002,18788.805,,18815.385000000002,18888.02
1662544800000.0,18788.19,18804.35,18751.13,18755.0,2268.03239,2022-09-07 10:00:00,18786.415555555555,18785.227777777778,18767.92814814815,18754.32472222222,18768.12777777778,18828.61886124141,-81.41608152832417,43.28578173553001,50.66171209159853,-3.2628515640317346,-4.607507248008629,1.3446556839768942,18805.555,18765.6,18750.690000000002,18785.5775,,18815.385000000002,18941.27
1662545700000.0,18754.97,18777.68,18730.01,18765.66,2559.2136,2022-09-07 10:15:00,18781.89555555556,18785.593888888885,18770.247037037036,18752.55027777778,18765.807555555555,18825.881519448307,-143.3524245067031,45.506697081600414,42.20736710930534,-4.179879761803022,-4.521981750767507,0.34210198896448496,18776.839999999997,18765.6,18744.2625,18771.219999999998,,18815.385000000002,18916.41
1662546600000.0,18765.66,18772.6,18742.76,18750.46,1571.64214,2022-09-07 10:30:00,18777.37,18782.866666666665,18770.41777777778,18751.49722222222,18762.834888888887,18822.602322950555,-143.03745323123866,42.925470182494955,43.18777655678993,-6.0632508026537835,-4.830235561144763,-1.2330152415090208,18776.839999999997,18765.6,18713.737500000003,18771.219999999998,,18757.825,18936.96
1662547500000.0,18750.46,18765.38,18732.88,18748.71,1790.07214,2022-09-07 10:45:00,18772.11333333333,18780.994444444445,18772.12962962963,18750.41555555556,18760.42844444444,18819.38961325705,-158.37761864173015,42.62569101875164,44.55527725173483,-7.609330668819894,-5.3860545826797885,-2.223276086140105,18776.839999999997,18769.08,18696.6775,18772.96,,18755.385000000002,18913.11
1662548400000.0,18748.71,18755.62,18691.22,18722.7,2543.44695,2022-09-07 11:00:00,18762.971111111114,18776.784444444445,18773.053333333337,18749.805277777774,18758.91933333333,18815.185717028486,-219.92760812416444,38.339958980522624,37.04834402725621,-10.808802579136682,-6.470604181971167,-4.338198397165515,18757.445,18775.6,18707.6375,18766.5225,,18736.53,18989.01
1662549300000.0,18722.7,18765.0,18700.31,18758.21,2633.48812,2022-09-07 11:15:00,18761.583333333332,18774.854444444445,18774.273333333334,18753.13444444444,18757.00022222222,18812.70851194029,-125.75249605641815,46.2809851010648,36.01200011539557,-10.35962755070068,-7.248408855717069,-3.1112186949836103,18747.785,18775.6,18705.1875,18761.692499999997,19182.885000000002,18725.995000000003,18998.95
1662550200000.0,18757.37,18782.54,18707.36,18748.33,2764.10785,2022-09-07 11:30:00,18758.38111111111,18773.363888888893,18775.262592592593,18755.41444444444,18757.09044444444,18809.909446203757,-95.03299149889816,44.56140410196887,35.080044832176796,-10.677799507902819,-7.934286986154219,-2.7435125217486,18747.785,18775.6,18708.3525,18761.692499999997,19152.645,18725.995000000003,18985.78
1662551100000.0,18748.98,18753.82,18726.0,18739.59,1945.05671,2022-09-07 11:45:00,18752.983333333334,18772.381111111114,18774.70592592593,18758.982777777775,18756.96266666666,18806.852078977507,-101.87102352488658,43.03801295784178,35.60681697769794,-11.502603183682368,-8.647950225659848,-2.8546529580225197,18747.785,18775.6,18707.120000000003,18761.692499999997,19152.645,18715.385000000002,18984.23
1662552000000.0,18739.78,18755.0,18691.42,18709.56,2832.56035,2022-09-07 12:00:00,18744.246666666666,18767.855,18772.49740740741,18760.543055555554,18754.217111111106,18802.62198858718,-142.96533732453145,38.20516411022813,34.29790213535402,-14.413288648367597,-9.801017910201399,-4.612270738166199,18747.785,18775.6,18718.2125,18761.692499999997,19152.645,18706.04,19022.37
1662552900000.0,18709.57,18752.27,18674.33,18716.14,2953.40308,2022-09-07 12:15:00,18739.928888888888,18763.172222222223,18770.12814814815,18760.928333333333,18751.445555555554,18798.861902126868,-136.69421365954082,39.80031032502487,26.976529849798116,-16.00458593667281,-11.04173151549568,-4.962854421177131,18728.435,18767.155,18720.65,18747.795,19133.550000000003,18705.85,19074.73
1662553800000.0,18717.02,18749.65,18713.87,18739.0,2158.58282,2022-09-07 12:30:00,18736.966666666667,18759.431111111113,18769.384814814814,18761.926944444447,18749.43355555555,18796.259210730048,-76.01676523697543,45.10228443811543,34.43200295624599,-15.245350639055687,-11.882455340207681,-3.362895298848006,18728.435,18767.155,18714.925000000003,18747.795,18892.114999999998,18691.97,19161.49
1662554700000.0,18738.39,18786.47,18717.01,18779.9,2711.53963,2022-09-07 12:45:00,18740.23777777778,18758.80388888889,18768.657037037035,18762.872777777782,18749.245333333332,18795.547940698307,-4.482944048379331,53.06673598372696,41.86461401766783,-11.214093917114951,-11.748783055589135,0.5346891384741834,18730.4,18767.155,18714.925000000003,18748.7775,18850.239999999998,18691.97,19107.09
1662555600000.0,18779.9,18890.0,18773.39,18821.98,5771.73045,2022-09-07 13:00:00,18748.37888888889,18760.246111111115,18770.12259259259,18766.191944444443,18750.008222222226,18796.697160667947,169.85383449578745,59.56627378977234,48.742342096574376,-4.571096839619713,-10.31324581239525,5.742148972775537,18782.165,18782.165,18714.0,18782.165,18823.125,18700.385000000002,19056.67
1662556500000.0,18821.25,18859.07,18807.91,18839.34,3246.0719,2022-09-07 13:15:00,18761.33888888889,18762.155,18771.635925925926,18770.124722222223,18752.111999999997,18798.551197160647,166.37618468072267,61.90981945229882,51.15185812593448,2.070466076820594,-7.836503434552081,9.906969511372676,18782.165,18782.165,18730.725000000002,18782.165,18823.125,18700.385000000002,18992.38
1662557400000.0,18839.34,18931.8,18838.0,18887.55,6312.64235,2022-09-07 13:30:00,18775.71,18768.646666666667,18775.13962962963,18774.6325,18757.649555555556,18802.420710327577,231.5355078549698,67.53699503030828,61.345526216682615,11.096186697086523,-4.0499654082243595,15.146152105310883,18803.065000000002,18803.065000000002,18730.725000000002,18803.065000000002,18818.355,18721.285,19000.68
1662558300000.0,18887.52,18899.76,18830.93,18840.36,3611.97609,2022-09-07 13:45:00,18785.935555555552,18772.158333333336,18777.554444444442,18777.930833333332,18761.518666666667,18804.07024466116,154.55926093854717,58.43660618072357,59.81339611249686,14.276723516988568,-0.3846276231817738,14.661351140170343,18803.065000000002,18803.065000000002,18734.662500000002,18803.065000000002,18815.385000000002,18721.285,19215.54
1662559200000.0,18840.93,18865.98,18818.0,18846.13,3798.18155,2022-09-07 14:00:00,18797.773333333334,18775.378333333338,18780.845185185186,18780.472777777773,18766.74088888889,18805.898929675892,113.52154689770481,59.16121161098389,56.84123639986013,17.0661842902191,3.105534759498401,13.960649530720698,18803.065000000002,18803.065000000002,18734.662500000002,18803.065000000002,18815.385000000002,18721.285,19313.09
1662560100000.0,18846.13,18921.22,18814.22,18914.59,3588.95102,2022-09-07 14:15:00,18820.554444444446,18782.400555555556,18785.42148148148,18784.51166666667,18772.545333333335,18810.624628385634,148.62412507716994,66.60112928344167,62.32457240420217,24.518369405541307,7.388101688706982,17.130267716834325,18803.065000000002,18803.065000000002,18734.662500000002,18803.065000000002,18815.385000000002,18721.285,19387.62
1662561000000.0,18915.76,18968.58,18891.07,18913.09,4320.19395,2022-09-07 14:30:00,18842.437777777777,18791.183333333334,18789.594074074077,18788.205555555553,18777.23022222222,18815.07964454278,167.03951086761623,66.31605828741466,68.93124900575962,29.95790624055735,11.902062599077055,18.055843641480294,18841.225,18821.455,18738.427499999998,18831.34,18815.385000000002,18739.675000000003,19393.52
1662561900000.0,18911.77,18943.6,18885.89,18905.71,3138.72786,2022-09-07 14:45:00,18860.96111111111,18798.963888888895,18793.274444444447,18792.278888888886,18781.733777777776,18819.02009478005,127.13119949722937,64.8454376642317,62.853193719802604,33.28953303448361,16.179556686158367,17.109976348325244,18842.795,18821.455,18738.427499999998,18832.125,18815.385000000002,18739.675000000003,19355.07
1662562800000.0,18905.71,18936.17,18894.3,18925.03,3074.39801,2022-09-07 15:00:00,18877.086666666666,18808.662222222225,18798.231481481485,18795.76444444444,18785.715555555555,18823.62922109396,115.61508073167907,66.91396881631843,63.10620903886176,37.06161063046966,20.355967475020627,16.70564315544903,18870.985,18821.455,18738.427499999998,18846.22,18815.385000000002,18739.675000000003,19312.33
1662563700000.0,18925.03,18931.78,18866.16,18869.94,2894.52369,2022-09-07 15:15:00,18882.415555555555,18815.397222222222,18800.96925925926,18798.19583333333,18789.436666666665,18825.64273322031,77.73411355248614,56.67368175741464,61.89558623113209,35.199943668572814,23.324762713731065,11.875180954841749,18888.245000000003,18821.455,18762.775,18854.850000000002,18815.385000000002,18788.370000000003,19364.28
1662564600000.0,18871.0,18890.35,18849.67,18856.88,2761.80377,2022-09-07 15:30:00,18884.364444444447,18822.85166666667,18802.89148148148,18799.818055555555,18792.972666666665,18827.00087525421,50.05514892129437,54.5426653839823,61.95548839320122,32.29841036602011,25.119492244188873,7.178918121831234,18891.4,18821.455,18762.775,18856.4275,18815.385000000002,18788.370000000003,19395.02
1662565500000.0,18857.89,18906.72,18856.73,18871.35,2497.77987,2022-09-07 15:45:00,18882.564444444448,18829.13722222222,18806.61925925926,18801.99583333333,18796.218888888885,18828.929098069242,57.03270081619927,56.49457116734327,67.50089040254514,30.81135823022123,26.257865441395346,4.553492788825885,18891.4,18821.455,18762.775,18856.4275,18815.385000000002,18788.370000000003,19381.79
1662566400000.0,18870.6,18952.75,18862.42,18891.58,3370.17061,2022-09-07 16:00:00,18888.255555555555,18837.095555555556,18810.85740740741,18805.22972222222,18799.995777777778,18831.653050327102,75.46497238350028,59.13639352792843,68.28498118283517,30.9089514773259,27.188082648581457,3.720868828744443,18891.4,18821.455,18767.7675,18856.4275,18815.385000000002,18788.370000000003,19341.56
1662567300000.0,18891.58,18899.0,18850.42,18888.02,2439.78313,2022-09-07 16:15:00,18892.909999999996,18845.341666666667,18814.55555555556,18808.861388888887,18802.96022222222,18834.103787269403,47.447967154640466,58.463595856016795,63.325254164507896,30.34918605580242,27.82030333002565,2.5288827257767714,18891.4,18821.455,18788.805,18856.4275,18815.385000000002,18819.9,19337.21
1662568200000.0,18888.82,18968.9,18876.42,18941.27,3628.22199,2022-09-07 16:30:00,18895.874444444446,18858.214444444446,18820.225185185187,18813.034722222223,18806.78422222222,18838.763187822908,95.69516796186639,64.89684153330997,61.72998872309812,33.812626981321955,29.01876806028491,4.793858921037046,18909.285,18821.615,18785.5775,18865.45,18815.385000000002,18820.06,19303.94
1662569100000.0,18941.96,18981.22,18892.75,18916.41,3757.52653,2022-09-07 16:45:00,18896.243333333332,18869.340555555555,18826.203333333335,18816.256388888887,18809.81311111111,18842.139136178434,92.37462630170661,60.208439885100496,62.14129276500895,34.15768608842336,30.0465516659126,4.111134422510762,18915.445,18827.775,18771.219999999998,18871.61,18815.385000000002,18826.22,19310.21
1662570000000.0,18916.41,18958.54,18912.83,18936.96,2950.51216,2022-09-07 17:00:00,18899.71555555555,18880.338333333333,18832.547777777778,18819.88472222222,18813.76622222222,18846.261782431546,97.52447691569826,62.612904352966666,59.37227140355837,35.678086402098415,31.172858613149764,4.505227788948652,18915.445,18827.775,18771.219999999998,18871.61,18757.825,18826.22,19280.93
1662570900000.0,18936.96,18963.32,18906.0,18913.11,1587.97397,2022-09-07 17:15:00,18898.391111111112,18887.73888888889,18838.57185185185,18823.27138888889,18816.28977777778,18849.168226673653,84.30867625468508,58.21615079138742,62.10083546868172,34.56013124726087,31.850313139971984,2.7098181072888856,18915.445,18827.775,18772.96,18871.61,18755.385000000002,18827.775,19292.84
1662571800000.0,18913.11,18998.6,18911.16,18989.01,2984.337,2022-09-07 17:30:00,18911.621111111115,18897.01833333333,18847.471851851853,18828.632222222222,18820.88088888889,18855.2483037748,146.17331685117185,66.3213098634256,70.20546165673338,39.34509366159182,33.349269244295954,5.995824417295864,18924.135,18836.465,18766.5225,18880.3,18736.53,18836.465,19350.28
1662572700000.0,18988.12,19031.88,18971.23,18998.95,4570.93959,2022-09-07 17:45:00,18927.406666666666,18905.88555555556,18857.703333333335,18834.020277777774,18825.335777777775,18861.496203610677,192.40859703386468,67.21815163156344,70.88858129501834,43.43855317525231,35.36712603048723,8.071427144765082,18941.15,18853.105000000003,18761.692499999997,18897.127500000002,18725.995000000003,18853.105000000003,19347.63
1662573600000.0,18998.95,19054.88,18974.64,18985.78,3801.49556,2022-09-07 18:00:00,18940.12111111111,18911.34277777778,18866.131851851853,18839.99472222222,18829.620888888887,18866.899846931952,176.66954512710825,64.75758378747197,70.55209883816916,45.10005503723369,37.31371183183652,7.786343205397166,18952.65,18864.605000000003,18761.692499999997,18908.627500000002,18725.995000000003,18864.605000000003,19269.24
1662574500000.0,18985.78,19006.4,18968.1,18984.23,2822.80311,2022-09-07 18:15:00,18950.41555555556,18919.335555555557,18874.868888888886,18845.746944444443,18834.266888888887,18872.001157934912,128.74154956672257,64.4585228204067,71.04994660823183,45.764194045485056,39.003808274566225,6.76038577091883,18952.65,18864.605000000003,18761.692499999997,18908.627500000002,18715.385000000002,18864.605000000003,19304.51
1662575400000.0,18984.23,19036.0,18960.0,19022.37,3455.25303,2022-09-07 18:30:00,18965.343333333334,18929.126666666663,18885.34222222222,18852.2525,18840.15777777778,18878.53893367687,143.32634878452123,68.33376780651137,71.31360043802411,48.80550872094318,40.964148363841616,7.841360357101564,18965.65,18864.605000000003,18761.692499999997,18915.127500000002,18706.04,18864.605000000003,19299.74
1662576300000.0,19022.37,19188.5,19015.3,19074.73,6455.09341,2022-09-07 18:45:00,18980.17222222222,18938.02333333333,18898.867037037035,18860.211944444443,18846.46222222222,18887.068980038748,232.09036382490078,72.72975450050583,79.63929427990884,54.808983082388295,43.73311530755095,11.075867774837342,19040.625,18951.184999999998,18747.795,18995.905,18705.85,18931.415,19300.44
1662577200000.0,19074.73,19165.68,19050.4,19161.49,3659.41514,2022-09-07 19:00:00,19007.403333333332,18951.82333333333,18915.36148148148,18871.503333333334,18854.485777777776,18899.000328732716,216.5751347623481,78.14397306189007,85.75935493547608,65.80898170651562,48.148288587343885,17.66069311917174,19047.25,18952.754999999997,18747.795,19000.0025,18691.97,18931.415,19175.99
1662578100000.0,19163.04,19200.0,19101.22,19107.09,3829.43015,2022-09-07 19:15:00,19026.306666666664,18963.01111111111,18928.994444444445,18880.987500000003,18861.169111111107,18908.04770574434,184.35324574225777,68.90616648672385,86.15643788009851,69.3376532016955,52.38616151021421,16.951491691481294,19053.0,18986.695,18748.7775,19019.8475,18691.97,18937.165,19183.59
1662579000000.0,19107.09,19136.56,19048.68,19056.67,3480.23647,2022-09-07 19:30:00,19042.257777777777,18970.324444444443,18939.245185185184,18889.493333333332,18867.068666666666,18914.50954462502,108.99981230502334,61.633722273899004,79.12948382192798,67.29000091784474,55.366929391740314,11.923071526104422,19055.58,19003.955,18782.165,19029.7675,18700.385000000002,18937.165,19213.92
1662579900000.0,19056.67,19076.99,18990.01,18992.38,3111.61409,2022-09-07 19:45:00,19042.632222222222,18977.126666666663,18945.556296296298,18896.261944444446,18871.432222222225,18917.895216597844,44.503768406432634,53.8320375592514,78.03977912700766,59.790330314623134,56.25160957631688,3.538720738306253,19080.0,19007.11,18782.165,19043.555,18700.385000000002,18937.165,19233.87
1662580800000.0,18992.37,19037.11,18987.89,19000.68,2391.52742,2022-09-07 20:00:00,19042.824444444443,18985.115555555552,18951.53185185185,18903.98361111111,18875.78111111111,18921.494555006633,29.72982920180774,54.63049792128539,72.60097986592278,53.895256989424524,55.78033905893841,-1.885082069513885,19080.0,19007.11,18803.065000000002,19043.555,18721.285,18937.165,19213.0
1662581700000.0,19000.97,19263.91,19000.44,19215.54,7835.8295,2022-09-07 20:15:00,19068.353333333336,19004.23722222222,18963.679629629627,18916.687222222226,18885.666444444447,18934.27913957156,156.21553162961987,69.38923048280427,74.74716856976781,65.80224789430576,57.78472082601188,8.017527068293887,19111.955,19039.065000000002,18803.065000000002,19075.510000000002,18721.285,18969.120000000003,19238.62
1662582600000.0,19215.54,19344.99,19201.22,19313.09,6182.68312,2022-09-07 20:30:00,19104.893333333333,19027.654444444444,18981.188148148147,18932.375000000004,18897.576222222226,18950.749176981495,224.69648041016686,73.5898413025995,76.24002977435947,82.16297013722578,62.66037068825466,19.502599448971125,19152.495000000003,19079.605000000003,18803.065000000002,19116.050000000003,18721.285,19009.660000000003,19243.29
1662583500000.0,19313.09,19454.05,19310.09,19387.62,6468.30986,2022-09-07 20:45:00,19145.476666666666,19055.41,19001.243333333332,18950.37583333334,18910.897333333334,18969.743560590996,230.78778138625395,76.2692457399499,80.75524707676888,99.99028277612524,70.12635310582877,29.86392967029647,19220.97,19151.86,18803.065000000002,19186.415,18721.285,19064.190000000002,19208.38
1662584400000.0,19387.62,19464.06,19383.24,19393.52,3649.11207,2022-09-07 21:00:00,19180.897777777776,19080.535,19018.981481481485,18969.374722222223,18924.349111111114,18988.168623173995,199.41140210155658,76.47273629457706,80.98720055664886,113.28871538180101,78.75882556102322,34.5298898207778,19225.975,19156.864999999998,18831.34,19191.42,18739.675000000003,19069.195,19224.47
1662585300000.0,19392.49,19413.79,19325.27,19355.07,2982.86541,2022-09-07 21:15:00,19202.406666666666,19104.905,19035.35111111111,18987.12277777778,18937.683999999997,19004.120856949037,146.46113157206292,72.13175204219101,75.49511410423725,119.34943932776878,86.87694831437233,32.47249101339645,19225.975,19156.864999999998,18832.125,19191.42,18739.675000000003,19069.195,19218.4
1662586200000.0,19355.07,19381.22,19273.46,19312.33,1291.57042,2022-09-07 21:30:00,19225.211111111115,19125.75888888889,19050.411111111112,19003.04861111111,18949.83222222222,19017.52125447299,107.47174740350727,67.54210756588735,72.18831944327202,119.32830350962104,93.36721935342207,25.961084156198964,19225.975,19156.864999999998,18846.22,19191.42,18739.675000000003,19069.195,19265.91
1662587100000.0,19312.33,19395.56,19310.49,19364.28,1653.79074,2022-09-07 21:45:00,19259.39,19150.823888888888,19066.679629629627,19019.281388888885,18963.472666666665,19032.59772166982,109.09676781831408,70.0376457333948,76.58049249522702,122.09603694543694,99.11298287182504,22.983054073611896,19225.975,19156.864999999998,18854.850000000002,19191.42,18788.370000000003,19069.195,19290.78
1662588000000.0,19364.28,19427.0,19349.44,19395.02,3101.5519,2022-09-07 22:00:00,19304.127777777776,19173.380000000005,19086.12703703704,19035.199166666665,18977.83511111111,19048.355212032002,108.6894777519551,71.43707076644866,76.46034929697447,125.32527497126648,104.35544129171333,20.969833679553147,19225.975,19157.239999999998,18856.4275,19191.6075,18788.370000000003,19069.195,19338.43
1662588900000.0,19395.48,19421.06,19368.1,19381.79,2223.15678,2022-09-07 22:15:00,19346.47333333334,19194.64888888889,19105.568148148148,19050.267222222225,18992.481555555554,19062.852376726263,95.14144120436637,69.92338129755542,70.2500777748873,125.37171188641878,108.55869541065442,16.813016475764357,19232.25,19157.239999999998,18856.4275,19194.745,18788.370000000003,19069.195,19352.29
1662589800000.0,19382.86,19404.97,19314.05,19341.56,2561.47056,2022-09-07 22:30:00,19360.475555555553,19214.414444444446,19122.983333333334,19062.878611111115,19005.44488888889,19074.970099477294,70.14250892352257,65.38631734567647,64.55714704361594,120.7701258582747,111.00098150017848,9.769144358096213,19332.64,19157.239999999998,18856.4275,19244.94,18788.370000000003,19069.195,19324.14
1662590700000.0,19341.56,19368.0,19320.72,19337.21,2095.84069,2022-09-07 22:45:00,19363.155555555553,19234.024444444447,19139.488148148146,19076.68,19018.53111111111,19086.37183428263,58.427463513845346,64.89598088457883,59.03786955565833,115.44158836205679,111.88910287255415,3.5524854895026436,19368.760000000002,19170.239999999998,18856.4275,19269.5,18819.9,19069.195,19310.2
1662591600000.0,19337.2,19353.08,19291.88,19303.94,2192.74876,2022-09-07 23:00:00,19353.85777777778,19249.667222222226,19154.892592592594,19089.396944444445,19031.07222222222,19095.831319748602,41.85030148266707,61.1207443088578,60.580001662164605,107.29721752186015,110.97072580241534,-3.673508280555197,19368.760000000002,19178.405,18865.45,19273.5825,18820.06,19069.195,19299.3
1662592500000.0,19303.94,19337.04,19280.17,19310.21,1794.14694,2022-09-07 23:15:00,19344.60111111111,19262.749444444446,19168.55703703704,19100.386388888888,19044.42,19105.152131933446,33.57450124972795,61.57442073944463,62.23883599572484,100.19371082345242,108.81532280662276,-8.62161198317034,19350.23,19185.03,18871.61,19267.629999999997,18826.22,19069.195,19302.79
1662593400000.0,19311.46,19317.76,19278.0,19280.93,1611.11508,2022-09-07 23:30:00,19336.36333333333,19269.385000000002,19182.057777777776,19110.604166666664,19056.97088888889,19112.794647936338,19.795522563802397,58.16130784247956,63.25365527824026,91.15075018141215,105.28240828158064,-14.131658100168494,19350.23,19185.03,18871.61,19267.629999999997,18826.22,19069.195,19337.57
1662594300000.0,19282.05,19311.22,19246.24,19292.84,2088.42915,2022-09-07 23:45:00,19334.19777777778,19279.704444444447,19195.23851851852,19121.357777777775,19069.27844444444,19120.622706721715,10.36091216902289,59.15313149003693,52.80651585880275,83.97713998971449,101.02135462320742,-17.044214633492928,19336.620000000003,19187.61,18871.61,19262.115,18827.775,19069.195,19284.2
1662595200000.0,19292.85,19371.35,19281.9,19350.28,3178.94288,2022-09-08 00:00:00,19332.64222222222,19296.016111111112,19211.430000000004,19133.17027777778,19081.953555555552,19130.607806429467,38.915539851868346,63.631034286352936,48.98820200332582,81.9818939422039,97.21346248700671,-15.231568544802812,19336.620000000003,19212.03,18880.3,19274.325,18836.465,19069.195,19276.01
1662596100000.0,19350.28,19384.81,19336.61,19347.63,1934.51004,2022-09-08 00:15:00,19327.376666666667,19315.752222222225,19224.71222222222,19146.439444444448,19093.634666666665,19140.04355397601,50.97192688049976,63.286333750999816,41.82463932088593,79.27300437287704,93.62537086418078,-14.35236649130374,19333.65,19212.03,18897.127500000002,19272.84,18853.105000000003,19069.195,19234.31
1662597000000.0,19346.92,19349.79,19230.96,19269.24,2709.19503,2022-09-08 00:30:00,19314.87111111111,19330.672222222223,19234.722962962962,19157.893888888888,19103.188000000002,19145.660790759663,-13.294449313535697,53.97219816743174,31.445506292232896,69.99392560063643,88.89908181147192,-18.905156210835486,19317.965,19212.03,18908.627500000002,19264.997499999998,18864.605000000003,19069.195,19230.42
1662597900000.0,19270.45,19310.84,19255.08,19304.51,1598.73885,2022-09-08 00:45:00,19310.754444444443,19335.615,19246.527777777777,19169.926111111112,19112.453777777777,19152.56727811794,-24.92516056114732,57.03604038805729,38.214529227877925,64.73990176938605,84.06724580305475,-19.327344033668695,19307.885000000002,19212.03,18908.627500000002,19259.9575,18864.605000000003,19069.195,19112.32
1662598800000.0,19304.51,19330.02,19292.11,19299.74,1617.45032,2022-09-08 01:00:00,19306.591111111113,19334.873333333337,19258.213333333333,19181.26388888889,19122.662222222225,19158.96609211281,-31.194300166754427,56.488390547198996,43.1266850995783,59.50521185294201,79.1548390130322,-19.64962716009019,19307.885000000002,19225.975,18915.127500000002,19266.93,18864.605000000003,19069.195,19179.32
1662599700000.0,19300.62,19313.56,19269.12,19300.44,1588.20526,2022-09-08 01:15:00,19306.202222222222,19330.03,19268.512222222223,19192.719999999998,19132.757999999998,19165.117131586165,-74.51576967387491,56.55431773699669,37.760712970051635,54.78167745284736,74.28020670099524,-19.498529248147875,19307.885000000002,19225.975,18995.905,19266.93,18931.415,19088.965,19171.66
1662600600000.0,19299.65,19308.56,19151.48,19175.99,3511.45201,2022-09-08 01:30:00,19291.288888888885,19317.945,19272.262592592593,19199.239999999998,19138.566888888887,19165.58986499546,-202.560333737337,43.83731177939685,27.150902177161473,40.528974689779716,67.52996029875213,-27.000985608972414,19268.145,19225.975,19000.0025,19247.059999999998,18931.415,19090.535,19154.64
1662601500000.0,19176.76,19211.89,19170.77,19183.59,1920.98256,2022-09-08 01:45:00,19280.47333333333,19308.41833333333,19273.081111111114,19206.661666666667,19144.577999999998,19166.372479560876,-206.5917096312925,44.655766873316104,27.439996034976716,29.506726374667778,59.92531351393526,-30.41858713926748,19268.145,19225.975,19019.8475,19247.059999999998,18937.165,19118.725,19195.71
1662602400000.0,19183.18,19225.74,19182.35,19213.92,1791.53742,2022-09-08 02:00:00,19271.704444444447,19302.95111111111,19277.03777777778,19214.355,19151.427111111112,19168.439763058228,-158.94368237023207,47.917739383385964,34.189284148496675,22.954289929784863,52.531108797105176,-29.576818867320313,19268.145,19225.975,19029.7675,19247.059999999998,18937.165,19135.985,19210.8
1662603300000.0,19213.92,19257.53,19211.22,19233.87,1937.653,2022-09-08 02:15:00,19258.77,19295.70611111111,19283.60074074074,19223.265,19158.290222222222,19171.28455596874,-103.80569766362882,50.005059928949,40.94489858536659,19.150480294283625,45.85498309654086,-26.704502802257238,19268.145,19225.975,19043.555,19247.059999999998,18937.165,19139.14,19227.74
1662604200000.0,19233.87,19257.17,19206.57,19213.0,1728.77059,2022-09-08 02:30:00,19243.81111111111,19285.59388888889,19291.771851851852,19229.486944444445,19165.913777777776,19173.09827092662,-102.7185360716256,47.84483670576547,41.612728655261414,14.28720516339672,39.54142750991203,-25.254222346515313,19250.635000000002,19232.25,19043.555,19241.4425,18937.165,19139.14,19201.69
1662605100000.0,19213.0,19249.41,19201.22,19238.62,1460.09915,2022-09-08 02:45:00,19240.408888888887,19277.64,19300.584444444445,19236.144444444446,19174.39688888889,19175.9470417559,-87.6391913258313,50.66258643525734,47.18879876553189,12.357890400871838,34.104720088103996,-21.746829687232157,19240.75,19307.77,19075.510000000002,19274.260000000002,18969.120000000003,19139.14,19222.39
1662606000000.0,19238.62,19260.0,19234.11,19243.29,1706.41827,2022-09-08 03:00:00,19233.606666666667,19272.18055555555,19301.612222222222,19243.2975,19182.662222222225,19178.874996462164,-57.40057340257013,51.180339054609824,52.96392907079442,11.078023958423728,29.499380862167943,-18.421356903744215,19240.75,19307.77,19116.050000000003,19274.260000000002,19009.660000000003,19139.14,19195.31
1662606900000.0,19243.29,19250.2,19206.76,19208.38,1416.64075,2022-09-08 03:15:00,19223.455555555556,19265.02333333333,19297.734074074073,19249.523888888893,19189.702222222222,19180.15782270294,-81.64640861952269,47.19335557850302,54.24012172207371,7.164191002564621,25.03234289024728,-17.868151887682657,19232.52,19307.77,19186.415,19270.145,19064.190000000002,19156.864999999998,19185.04
1662607800000.0,19207.6,19233.37,19191.23,19224.47,1829.8739,2022-09-08 03:30:00,19215.01444444444,19260.608333333337,19291.691481481485,19255.137777777778,19197.17888888889,19182.08443910716,-79.80362127060326,49.159179896844144,45.074550154531664,5.299687222304783,21.085811756658778,-15.786124534353995,19230.02,19289.239999999998,19191.42,19259.629999999997,19069.195,19156.864999999998,19261.9
1662608700000.0,19224.47,19241.85,19212.87,19218.4,1968.62778,2022-09-08 03:45:00,19219.72666666667,19255.507777777777,19285.205555555556,19259.12861111111,19203.337333333333,19183.663376537283,-60.81562136713299,48.42676208998534,45.11724356670073,3.2942818420742697,17.527505773741876,-14.233223931667606,19215.385000000002,19289.239999999998,19191.42,19252.3125,19069.195,19156.864999999998,19290.69
1662609600000.0,19218.4,19288.74,19211.16,19265.91,2595.53758,2022-09-08 04:00:00,19228.873333333337,19254.673333333332,19281.903333333332,19262.029166666664,19211.104,19187.239316687836,-8.766231808515569,54.180918551103595,55.056960771051656,5.47552512717084,15.117109644427668,-9.641584517256828,19235.545,19289.239999999998,19191.42,19262.392499999998,19069.195,19156.864999999998,19277.4
1662610500000.0,19265.91,19327.7,19242.21,19290.78,2500.39662,2022-09-08 04:15:00,19237.413333333334,19254.558888888885,19281.105185185184,19267.131666666668,19218.966666666667,19191.741085527494,46.47498058112905,56.892282013808135,56.529862698475384,9.106008896094863,13.914889494761107,-4.808880598666244,19259.465,19289.239999999998,19191.42,19274.3525,19069.195,19156.864999999998,19307.68
1662611400000.0,19290.16,19368.51,19289.39,19338.43,2691.11607,2022-09-08 04:30:00,19249.031111111108,19253.900555555556,19280.147777777776,19274.958333333336,19228.418222222223,19198.118864417604,113.43209271790671,61.58297389899368,58.16975340892723,15.647772431337216,14.261466082076328,1.386306349260888,19279.87,19286.27,19191.6075,19283.07,19069.195,19157.239999999998,19361.51
1662612300000.0,19338.43,19391.22,19326.81,19352.29,2372.16955,2022-09-08 04:45:00,19264.507777777777,19254.159444444445,19278.565185185187,19284.955833333337,19236.491111111114,19204.82195726901,134.12027991544966,62.8492670804343,64.70634736859449,21.70040457511641,15.749253780684345,5.951150794432063,19291.225,19278.225,19194.745,19284.725,19069.195,19157.239999999998,19334.54
1662613200000.0,19351.56,19366.96,19315.9,19324.14,1875.90876,2022-09-08 05:00:00,19274.010000000002,19257.20944444444,19276.43,19293.940833333338,19243.71755555556,19210.009698257316,102.99551284580939,58.622805036873515,68.4761915427055,23.949613182630856,17.38932566107365,6.560287521557207,19291.225,19271.35,19244.94,19281.2875,19069.195,19157.239999999998,19292.07
1662614100000.0,19324.14,19333.55,19287.55,19310.2,2122.19262,2022-09-08 05:15:00,19281.444444444445,19257.525555555556,19275.26851851852,19296.570277777777,19250.92688888889,19214.365798333085,73.53819398638235,56.593206619130456,67.95333342494486,24.326860801822477,18.776832689223415,5.550028112599062,19291.225,19271.35,19269.5,19281.2875,19069.195,19170.239999999998,19311.15
1662615000000.0,19311.11,19314.54,19285.09,19299.3,1534.1667,2022-09-08 05:30:00,19291.546666666665,19257.501111111113,19273.864444444444,19296.187222222226,19257.928444444446,19218.058589709908,54.44497626935244,54.99004967661612,62.12774850305023,23.475680323390407,19.716602216056813,3.7590781073335933,19291.225,19271.35,19273.5825,19281.2875,19069.195,19178.405,19311.12
1662615900000.0,19299.6,19306.44,19288.48,19302.79,1496.78853,2022-09-08 05:45:00,19300.248888888887,19257.631666666668,19273.82185185185,19293.830833333333,19264.16,19221.742564070348,52.541773131515335,55.42544361658729,56.03575178150668,22.819676469083788,20.33721706666221,2.482459402421579,19301.190000000002,19271.35,19267.629999999997,19286.27,19069.195,19185.03,19255.27
1662616800000.0,19302.6,19338.0,19291.69,19337.57,2207.738,2022-09-08 06:00:00,19313.49,19266.60833333333,19274.835185185184,19292.276666666665,19270.00088888889,19226.77853954555,84.57383873122681,59.61775156725625,63.013220916609356,24.820132976747118,21.23380024867919,3.5863327280679265,19301.190000000002,19271.35,19267.629999999997,19286.27,19069.195,19185.03,19127.7
1662617700000.0,19337.57,19351.64,19276.6,19284.2,2257.19079,2022-09-08 06:15:00,19315.522222222222,19272.19777777778,19274.956296296295,19290.308055555553,19272.727777777774,19229.2751247827,56.30104840762798,51.598153288368295,56.14795972969452,21.847155790706893,21.356471357084732,0.4906844336221603,19316.715,19271.35,19262.115,19294.0325,19069.195,19187.61,19143.12
1662618600000.0,19285.29,19285.51,19245.24,19276.01,2235.83121,2022-09-08 06:30:00,19313.88111111111,19275.647222222222,19274.332962962962,19289.299166666664,19276.481555555558,19231.307075879104,0.9957210904478107,50.476047649054145,49.27441322103595,18.61559639092593,20.80829636385297,-2.1926999729270413,19318.230000000003,19271.35,19274.325,19294.79,19069.195,19212.03,19063.46
1662619500000.0,19276.01,19279.59,19224.0,19234.31,2104.12316,2022-09-08 06:45:00,19302.312222222223,19275.67166666667,19270.03777777778,19285.68888888889,19280.42911111111,19231.437637797404,-41.21021576686657,45.09834231356394,48.13705983500091,12.545108583221008,19.155658807726578,-6.61055022450557,19307.61,19271.35,19272.84,19289.48,19069.195,19212.03,19124.41
1662620400000.0,19234.94,19267.35,19180.0,19230.42,3651.94739,2022-09-08 07:00:00,19288.771111111113,19276.639444444445,19265.696666666667,19281.11666666667,19285.71888888889,19231.393392675778,-77.13750089165144,44.62076150362414,45.37018170583142,7.335750801306858,16.791677206442635,-9.455926405135777,19273.48,19271.35,19264.997499999998,19272.415,19069.195,19212.03,19344.12
1662621300000.0,19230.42,19234.24,19056.0,19112.32,7040.13083,2022-09-08 07:15:00,19265.235555555555,19269.62277777778,19259.884814814814,19273.631388888887,19288.199777777776,19226.216288646396,-198.78224835252547,33.144847329799475,33.79513341856098,-6.250335789096425,12.183274607334823,-18.43361039643125,19203.82,19223.61,19259.9575,19213.715,19069.195,19212.03,19227.67
1662622200000.0,19112.32,19203.03,19091.23,19179.32,4340.13342,2022-09-08 07:30:00,19250.693333333333,19266.06888888889,19255.248148148148,19269.12472222222,19287.394888888888,19224.177319574814,-147.12252138267178,42.22331447760819,36.763545008982405,-11.478747382272559,7.450870209413346,-18.929617591685904,19203.82,19223.61,19266.93,19213.715,19069.195,19225.975,19165.23
1662623100000.0,19179.32,19200.0,19145.0,19171.66,2581.39008,2022-09-08 07:45:00,19236.51111111111,19264.028888888886,19250.504444444443,19264.52611111111,19284.252,19221.89395785417,-116.1873031800484,41.52898184725665,36.87158354604006,-16.05532344664607,2.7496314782014633,-18.804954924847536,19203.82,19223.61,19266.93,19213.715,19088.965,19225.975,19239.16
1662624000000.0,19171.6,19180.0,19147.26,19154.64,2516.12879,2022-09-08 08:00:00,19220.050000000003,19260.149444444443,19245.104444444445,19260.378888888885,19279.074666666667,19218.969872730075,-116.07458933807138,39.95673505599518,30.00566953486784,-20.815714113072318,-1.9634376400532938,-18.852276473019025,19203.82,19223.61,19247.059999999998,19213.715,19090.535,19225.975,19252.4
1662624900000.0,19154.29,19199.84,19144.29,19195.71,2463.39543,2022-09-08 08:15:00,19204.287777777776,19258.88888888889,19245.834814814818,19257.19833333333,19274.678888888888,19217.958573915723,-86.7454238230439,45.33484693262339,30.131736169900613,-21.031909488610836,-5.777132009764802,-15.254777478846034,19203.82,19223.61,19247.059999999998,19213.715,19118.725,19225.975,19315.83
1662625800000.0,19195.71,19216.5,19179.05,19210.8,2356.70569,2022-09-08 08:30:00,19196.13222222222,19255.827222222222,19246.84259259259,19255.250277777777,19271.47288888889,19217.64733157156,-59.292216076796166,47.2059584116595,35.82326413421734,-19.757852765873395,-8.57327616098652,-11.184576604886875,19170.754999999997,19223.61,19247.059999999998,19197.1825,19135.985,19225.975,19299.36
1662626700000.0,19211.37,19233.07,19201.71,19227.74,2148.8705,2022-09-08 08:45:00,19190.768888888888,19252.324999999997,19247.354444444445,19253.441944444447,19269.593111111113,19218.086143242363,-37.45792558728135,49.303803065514735,41.33050902977293,-17.18316043021332,-10.29525301483188,-6.88790741538144,19167.795,19223.61,19247.059999999998,19195.7025,19139.14,19225.975,19284.89
1662627600000.0,19226.9,19238.66,19196.83,19201.69,2003.04143,2022-09-08 09:00:00,19187.144444444442,19244.728333333333,19246.162592592595,19249.314444444444,19265.98,19217.373267449217,-43.20946644225704,46.259628448131494,40.84583131048778,-17.04819452130323,-11.64584131612615,-5.40235320517708,19161.675,19223.61,19241.4425,19192.6425,19139.14,19232.25,19279.44
1662628500000.0,19201.75,19240.38,19199.98,19222.39,2081.86232,2022-09-08 09:15:00,19186.252222222225,19237.51166666667,19246.510370370368,19245.835555555554,19262.143777777776,19217.59138625577,-30.41132601363828,48.95659806051416,45.46500765113614,-15.096888529751595,-12.33605075885124,-2.7608377709003555,19148.190000000002,19223.61,19274.260000000002,19185.9,19139.14,19260.03,19250.81
1662629400000.0,19222.02,19233.23,19190.82,19195.31,2158.14219,2022-09-08 09:30:00,19195.47333333333,19230.354444444445,19244.906296296296,19243.781944444447,19257.99977777778,19216.622630331607,-41.62334761403779,45.72378522029776,39.97252797038378,-15.556271145716892,-12.98009483622437,-2.5761763094925207,19165.805,19223.61,19274.260000000002,19194.7075,19139.14,19260.03,19152.24
1662630300000.0,19195.31,19204.69,19142.29,19185.04,2362.36896,2022-09-08 09:45:00,19196.10888888889,19223.40111111111,19242.74888888889,19240.463333333333,19254.52155555556,19215.2494724911,-70.70384858965414,44.52301377429985,39.88249083310039,-16.558166116676148,-13.695709092314726,-2.8624570243614222,19191.335,19223.61,19270.145,19207.4725,19156.864999999998,19260.03,19186.08
1662631200000.0,19185.77,19309.5,19172.63,19261.9,3469.60686,2022-09-08 10:00:00,19206.135555555556,19221.323333333334,19244.731111111112,19239.412222222225,19252.848,19217.277756295836,27.646714354410182,54.21395439117115,47.12023136060797,-11.023147462965426,-13.161196766444865,2.1380493034794394,19225.895,19223.61,19259.629999999997,19224.752500000002,19156.864999999998,19241.5,19208.68
1662632100000.0,19261.9,19330.23,19261.88,19290.69,3194.98289,2022-09-08 10:15:00,19221.252222222225,19220.651111111114,19247.183703703704,19239.141388888893,19252.553555555558,19220.469592978625,96.25579303443847,57.227927250571334,53.474878941046455,-4.264336295949761,-11.381824672345845,7.117488376396084,19236.260000000002,19223.61,19252.3125,19229.935,19156.864999999998,19241.5,19189.8
1662633000000.0,19290.11,19296.72,19267.89,19277.4,2040.2508,2022-09-08 10:30:00,19230.32888888889,19217.308333333334,19249.36888888889,19241.958333333332,19251.824444444446,19222.94482806651,79.9476368666102,55.41451018313075,55.585132954970526,0.019454063345619943,-9.101568925207552,9.121022988553172,19236.260000000002,19223.61,19262.392499999998,19229.935,19156.864999999998,19241.5,19215.12
1662633900000.0,19277.39,19350.99,19273.63,19307.68,2666.99646,2022-09-08 10:45:00,19241.093333333334,19218.61277777778,19250.91592592593,19245.405277777783,19252.41888888889,19226.628965976663,121.822359612666,58.630986928936736,69.56615114245056,5.790976948112075,-6.123059750543627,11.914036698655702,19246.64,19223.61,19274.3525,19235.125,19156.864999999998,19241.5,19201.45
1662634800000.0,19307.68,19397.71,19284.05,19361.51,2914.07574,2022-09-08 11:00:00,19255.95666666667,19223.362777777777,19253.535555555558,19249.504999999997,19253.94488888889,19232.493358760286,168.35815835753527,63.65128119162677,68.35465543988585,14.540962376941025,-1.9902553250466966,16.53121770198772,19270.0,19226.855,19283.07,19248.427499999998,19157.239999999998,19238.53,19226.68
1662635700000.0,19361.51,19362.22,19316.77,19334.54,1815.5903,2022-09-08 11:15:00,19270.717777777776,19228.931111111113,19253.391481481478,19252.301388888893,19253.595111111114,19236.930169248968,145.73270556960847,59.73964968707855,62.32743596097997,19.079202101784176,2.2236361603194785,16.855565941464697,19270.0,19226.855,19284.725,19248.427499999998,19157.239999999998,19230.485,19206.82
1662636600000.0,19333.82,19334.55,19289.0,19292.07,2294.62999,2022-09-08 11:30:00,19278.460000000003,19232.356111111105,19251.16111111111,19254.497777777782,19252.360444444446,19239.327553194664,94.87227713353954,54.10138844622922,62.70022249195107,19.02945599330633,5.584800126916848,13.44465586638948,19270.0,19226.855,19281.2875,19248.427499999998,19157.239999999998,19226.855,
1662637500000.0,19292.07,19325.76,19279.08,19311.15,1958.74064,2022-09-08 11:45:00,19291.33111111111,19243.402222222227,19250.68,19256.5125,19253.29177777778,19242.450268273158,85.27270014448266,56.10572742249409,62.154411148424714,20.29567250668333,8.526974602870144,11.768697903813187,19270.0,19226.855,19281.2875,19248.427499999998,19170.239999999998,19226.855,
1662638400000.0,19311.6,19337.67,19300.56,19311.12,2017.87924,2022-09-08 12:00:00,19305.34,19250.724444444444,19250.714074074076,19258.396666666667,19253.43866666667,19245.43590878302,86.84315099655736,56.101579083137274,61.782391206549526,21.054039603983256,11.032387603092767,10.021652000890489,19285.17,19226.855,19281.2875,19256.012499999997,19178.405,19226.855,
1662639300000.0,19311.12,19378.19,19220.05,19255.27,5802.01535,2022-09-08 12:15:00,19304.603333333333,19255.369444444445,19249.083333333336,19259.69916666667,19252.450444444446,19245.863477966366,44.55283585050499,48.85892718654225,49.805810386413945,16.952999129174714,12.216509908309156,4.736489220865558,19308.879999999997,19226.855,19286.27,19267.8675,19185.03,19226.855,
1662640200000.0,19255.26,19259.27,19125.27,19127.7,4830.26399,2022-09-08 12:30:00,19286.493333333332,19253.87277777778,19242.59851851852,19257.011111111115,19248.61177777778,19240.72593544609,-92.69516506653045,37.08274609031008,46.273775517807266,3.3702124423070927,10.447250415108744,-7.0770379728016515,19261.489999999998,19226.855,19286.27,19244.1725,19185.03,19226.855,
1662641100000.0,19125.42,19222.03,19099.91,19143.12,4626.11477,2022-09-08 12:45:00,19271.573333333334,19250.951111111113,19235.396666666667,19254.92,19247.881333333335,19236.482199122347,-108.906406102239,38.996712409818684,38.573504717470065,-6.079893508282112,7.141821630430573,-13.221715138712685,19248.809999999998,19226.855,19294.0325,19237.832499999997,19187.61,19226.855,
1662642000000.0,19143.12,19180.0,19012.0,19063.46,5635.4198,2022-09-08 13:00:00,19244.437777777774,19242.765555555558,19227.221111111114,19249.29638888889,19245.21177777778,19228.95949481268,-175.49933372782294,33.35216445221663,35.66875617769375,-19.76918001078593,1.7596213021872718,-21.5288013129732,19204.855,19204.855,19294.79,19204.855,19212.03,19204.855,
1662642900000.0,19064.56,19124.99,19041.8,19124.41,3951.93024,2022-09-08 13:15:00,19218.093333333334,19237.025,19221.606296296297,19244.675000000003,19243.22266666667,19224.413864603433,-147.46972882187205,40.454018182289,42.795652854924924,-25.407006415760407,-3.6737042414022643,-21.733302174358144,19195.095,19204.855,19289.48,19199.975,19212.03,19204.855,
1662643800000.0,19122.59,19358.94,19070.0,19344.12,8042.05782,2022-09-08 13:30:00,19219.157777777775,19244.937777777777,19225.673333333332,19244.83305555556,19245.672666666665,19229.618479185894,16.90672006559456,57.87822833734988,47.85461578778763,-12.007844694122468,-5.340532331946305,-6.667312362176164,19195.095,19204.855,19272.415,19199.975,19212.03,19204.855,
1662644700000.0,19343.57,19358.59,19220.0,19227.67,6002.31218,2022-09-08 13:45:00,19212.002222222225,19245.23111111111,19225.57148148148,19241.37138888889,19245.998666666666,19229.53376269955,26.160100095737434,49.59478339410918,50.53679633763588,-10.66254312082674,-6.404934489722391,-4.257608631104349,19195.095,19204.855,19213.715,19199.975,19212.03,19204.855,
1662645600000.0,19227.67,19232.31,19093.6,19165.23,5823.49577,2022-09-08 14:00:00,19195.78888888889,19243.56,19227.53111111111,19236.957222222223,19244.367777777778,19226.737946930003,-79.11034179301596,45.80900889312695,47.28294989700333,-14.467990114728309,-8.017545614723575,-6.450444500004734,19195.095,19204.855,19213.715,19199.975,19225.975,19204.855,
1662646500000.0,19165.23,19310.0,19136.95,19239.16,5135.08271,2022-09-08 14:15:00,19187.79333333333,19246.566666666666,19229.747407407405,19234.98388888889,19244.276,19227.278036193915,-13.661445096533095,50.61573961247211,49.41219499383891,-11.387038441978802,-8.69144418017462,-2.6955942618041817,19195.095,19204.855,19213.715,19199.975,19225.975,19204.855,
1662647400000.0,19239.16,19298.95,19217.25,19252.4,4476.94058,2022-09-08 14:30:00,19187.474444444444,19246.03888888889,19232.737777777777,19233.681111111116,19245.254222222226,19228.370295489833,12.237128798566086,51.44634847047704,50.670265873981876,-7.78723826028363,-8.510602996196422,0.7233647359127922,19185.47,19204.855,19213.715,19195.1625,19225.975,19204.855,
1662648300000.0,19251.64,19320.44,19197.26,19315.83,3977.85097,2022-09-08 14:45:00,19208.37777777778,19247.435555555556,19238.707777777778,19234.04333333333,19247.284444444445,19232.1728913381,31.468029520959035,55.323218923525495,55.15207883724818,0.1818044833271415,-6.772121500291709,6.95392598361885,19185.47,19204.855,19213.715,19195.1625,19225.975,19204.855,
1662649200000.0,19314.44,19349.46,19280.25,19299.36,4125.76357,2022-09-08 15:00:00,19225.737777777773,19248.655555555553,19242.546666666665,19232.981944444447,19249.083555555557,19235.094069975574,61.750909534911536,54.114959200663435,59.86557056109684,5.109438490617322,-4.395809502109902,9.505247992727224,19185.47,19204.855,19197.1825,19195.1625,19225.975,19204.855,
1662650100000.0,19298.43,19319.61,19282.95,19284.89,2948.13633,2022-09-08 15:15:00,19250.341111111113,19247.389444444445,19245.29074074074,19233.001111111113,19249.505333333334,19237.259110411418,46.607777509648756,53.01937174743392,56.065101466460085,7.757591191595566,-1.965129363368808,9.722720554964374,19200.37,19204.855,19195.7025,19202.6125,19225.975,19204.855,
1662651000000.0,19284.89,19345.0,19233.0,19279.44,3586.32566,2022-09-08 15:30:00,19267.566666666666,19242.83,19247.205555555556,19233.096388888884,19249.25333333333,19239.093062132662,35.41594817776856,52.58752948970042,51.84796848024781,9.309191271375312,0.2897347635800158,9.019456507795296,19214.47,19204.855,19192.6425,19209.6625,19232.25,19204.855,
1662651900000.0,19279.44,19280.16,19226.02,19250.81,2397.93862,2022-09-08 15:45:00,19257.198888888888,19238.17833333333,19249.024814814817,19233.554722222223,19247.30622222222,19239.60249421385,2.498165999542312,50.27110309621637,54.55266884082217,8.13487006583091,1.8587618240301946,6.276108241800715,19226.095,19204.855,19185.9,19215.475,19260.03,19204.855,
1662652800000.0,19250.81,19263.16,19093.13,19152.24,5403.22293,2022-09-08 16:00:00,19248.817777777775,19230.41,19246.426666666666,19231.383055555558,19242.860666666667,19235.804124900205,-77.26833328930829,43.213415629626816,54.08145704855567,-0.7410211358474044,1.3388052320546748,-2.079826367902079,19221.295,19204.855,19194.7075,19213.074999999997,19260.03,19204.855,
1662653700000.0,19151.24,19187.7,19111.22,19186.08,3384.00479,2022-09-08 16:15:00,19251.134444444448,19223.461666666666,19246.084814814814,19233.43194444444,19239.792666666664,19233.642206426284,-75.12976219828674,46.01551327637934,55.11227540993345,-4.987135084331385,0.07361716877746272,-5.060752253108848,19221.295,19204.855,19207.4725,19213.074999999997,19260.03,19204.855,
1662654600000.0,19184.54,19218.7,19148.4,19208.68,3056.79694,2022-09-08 16:30:00,19247.74777777778,19217.770555555555,19246.96037037037,19234.247499999998,19237.536666666663,19232.556893103403,-37.46111885052825,47.86573403582974,62.25701690791372,-6.454180085744156,-1.231942282126861,-5.222237803617295,19221.295,19204.855,19224.752500000002,19213.074999999997,19241.5,19204.855,
1662655500000.0,19208.01,19211.73,19173.31,19189.8,2361.3076,2022-09-08 16:45:00,19240.792222222222,19214.13333333333,19244.29,19234.75138888889,19235.103333333336,19230.69789775108,-32.51828372222434,46.43397903705271,57.40295369210742,-9.036119273907389,-2.792777680482967,-6.243341593424422,19221.295,19204.855,19229.935,19213.074999999997,19241.5,19204.855,
1662656400000.0,19189.78,19223.85,19118.46,19215.12,3827.67306,2022-09-08 17:00:00,19229.60222222222,19218.99,19241.49111111111,19236.43138888889,19233.15511111111,19230.02059784886,-33.38049023774653,48.65223630621314,47.45228032290647,-8.936201324188005,-4.021462409223974,-4.914738914964031,19221.295,19204.855,19229.935,19213.074999999997,19241.5,19204.855,
1662657300000.0,19216.33,19239.99,19183.69,19201.45,2928.75474,2022-09-08 17:15:00,19218.723333333335,19222.230555555554,19238.67814814815,19236.590833333335,19230.130222222222,19228.778397942388,-2.850697708883158,47.50835229066518,44.41362269612779,-9.846565308605932,-5.186482989100366,-4.660082319505566,19219.065000000002,19204.855,19235.125,19211.96,19241.5,19204.855,
1662658200000.0,19200.31,19246.26,19171.22,19226.68,2868.56457,2022-09-08 17:30:00,19212.255555555555,19231.298333333332,19235.67814814815,19237.031944444447,19228.852000000003,19228.68716324924,2.3761952180596566,49.85186539348584,52.67581429494336,-8.434952301427984,-5.83617685156589,-2.598775449862094,19219.065000000002,19195.095,19248.427499999998,19207.08,19238.53,19204.855,
1662659100000.0,19226.68,19236.84,19144.17,19206.82,3037.17197,2022-09-08 17:45:00,19204.186666666665,19235.876666666667,19229.94888888889,19236.450833333332,19227.314444444444,19227.736417021013,-25.369788043567404,48.033956081533844,44.35167404479214,-8.817136386387574,-6.4323687585302265,-2.3847676278573475,19186.645,19195.095,19248.427499999998,19190.870000000003,19230.485,19204.855,
